Area,time_of_day,trips,avg_density,Traffic_Score
AIIMS,Afternoon,83,2.1686746987951806,0.45825781000106613
AIIMS,Evening Peak,120,2.9833333333333334,0.876401179941003
AIIMS,Morning Peak,94,3.0851063829787235,0.9286386744492564
AIIMS,Night,32,1.65625,0.19524336283185836
Chandni Chowk,Afternoon,91,2.1868131868131866,0.4675678303996887
Chandni Chowk,Evening Peak,115,3.1043478260869564,0.9385148133897653
Chandni Chowk,Morning Peak,89,2.8764044943820224,0.8215173510987372
Chandni Chowk,Night,22,1.8181818181818181,0.2783588093322606
Civil Lines,Afternoon,89,2.3820224719101124,0.5677637466441285
Civil Lines,Evening Peak,116,3.0775862068965516,0.9247787610619469
Civil Lines,Morning Peak,112,2.9107142857142856,0.8391276864728192
Civil Lines,Night,36,1.5277777777777777,0.12930186823992124
Connaught Place,Afternoon,94,2.24468085106383,0.4972698173601959
Connaught Place,Evening Peak,90,3.088888888888889,0.9305801376597838
Connaught Place,Morning Peak,85,3.0470588235294116,0.9091098386257157
Connaught Place,Night,34,1.7647058823529411,0.25091098386257155
Dwarka,Afternoon,86,2.2674418604651163,0.5089524593537765
Dwarka,Evening Peak,129,3.13953488372093,0.9565754270426013
Dwarka,Morning Peak,92,2.891304347826087,0.8291650634859562
Dwarka,Night,41,1.7073170731707317,0.22145478091949056
Greater Kailash,Afternoon,82,2.1951219512195124,0.47183250593567894
Greater Kailash,Evening Peak,122,3.1147540983606556,0.9438560858842304
Greater Kailash,Morning Peak,86,2.9186046511627906,0.8431776085614323
Greater Kailash,Night,32,1.59375,0.16316371681415925
Hauz Khas,Afternoon,72,2.25,0.5
Hauz Khas,Evening Peak,116,3.2241379310344827,1.0
Hauz Khas,Morning Peak,82,2.951219512195122,0.8599179797107706
Hauz Khas,Night,32,1.5,0.11504424778761058
IGI Airport,Afternoon,101,2.297029702970297,0.5241391395776744
IGI Airport,Evening Peak,108,3.2037037037037037,0.9895116355293347
IGI Airport,Morning Peak,107,2.8317757009345796,0.7986105367628816
IGI Airport,Night,27,1.4444444444444444,0.08652900688298913
Janakpuri,Afternoon,79,2.2025316455696204,0.4756357118852919
Janakpuri,Evening Peak,114,3.087719298245614,0.9299798167986337
Janakpuri,Morning Peak,99,2.9393939393939394,0.8538482166800752
Janakpuri,Night,35,1.457142857142857,0.09304677623261685
Kalkaji,Afternoon,76,2.263157894736842,0.5067536096879366
Kalkaji,Evening Peak,115,3.026086956521739,0.8983455175067333
Kalkaji,Morning Peak,88,2.9318181818181817,0.8499597747385358
Kalkaji,Night,38,1.5789473684210527,0.15556590591523053
Karol Bagh,Afternoon,82,2.2804878048780486,0.5156486078135116
Karol Bagh,Evening Peak,115,3.0956521739130434,0.9340515582916507
Karol Bagh,Morning Peak,94,3.0,0.8849557522123894
Karol Bagh,Night,24,1.6666666666666667,0.20058997050147492
Lajpat Nagar,Afternoon,72,2.3472222222222223,0.5499016715830876
Lajpat Nagar,Evening Peak,110,3.0545454545454547,0.9129525341914724
Lajpat Nagar,Morning Peak,81,2.950617283950617,0.8596088714082813
Lajpat Nagar,Night,29,1.3448275862068966,0.03539823008849553
Mayur Vihar,Afternoon,80,2.1875,0.46792035398230086
Mayur Vihar,Evening Peak,98,2.9693877551020407,0.869243272530251
Mayur Vihar,Morning Peak,90,3.011111111111111,0.8906588003933137
Mayur Vihar,Night,29,1.5517241379310345,0.14159292035398227
Model Town,Afternoon,74,2.3378378378378377,0.5450849079167662
Model Town,Evening Peak,125,3.128,0.9506548672566373
Model Town,Morning Peak,90,2.7444444444444445,0.7537856440511308
Model Town,Night,23,1.4782608695652173,0.10388611004232388
Nehru Place,Afternoon,92,2.282608695652174,0.51673720661793
Nehru Place,Evening Peak,99,3.101010101010101,0.9368016447662467
Nehru Place,Morning Peak,80,3.0125,0.8913716814159294
Nehru Place,Night,39,1.4102564102564104,0.06898116632629907
Noida Sector 18,Afternoon,92,2.260869565217391,0.5055790688726433
Noida Sector 18,Evening Peak,107,3.0934579439252334,0.9329253163510048
Noida Sector 18,Morning Peak,89,2.9213483146067416,0.8445858605946108
Noida Sector 18,Night,34,1.5588235294117647,0.14523685580426857
Okhla,Afternoon,93,2.193548387096774,0.47102483585498134
Okhla,Evening Peak,110,3.090909090909091,0.9316170555108608
Okhla,Morning Peak,77,2.7012987012987013,0.7316400413745546
Okhla,Night,34,1.5,0.11504424778761058
Pitampura,Afternoon,84,2.2142857142857144,0.481668773704172
Pitampura,Evening Peak,117,3.1367521367521367,0.9551471144391499
Pitampura,Morning Peak,75,3.0533333333333332,0.912330383480826
Pitampura,Night,32,1.53125,0.13108407079646014
Preet Vihar,Afternoon,79,2.1265822784810124,0.4366528509017586
Preet Vihar,Evening Peak,112,3.1785714285714284,0.9766118836915296
Preet Vihar,Morning Peak,108,2.75,0.756637168141593
Preet Vihar,Night,32,1.625,0.17920353982300882
Punjabi Bagh,Afternoon,87,2.2873563218390807,0.5191740412979352
Punjabi Bagh,Evening Peak,119,3.092436974789916,0.9324012790957091
Punjabi Bagh,Morning Peak,102,2.892156862745098,0.829602637515183
Punjabi Bagh,Night,29,1.2758620689655173,0.0
Rajouri Garden,Afternoon,76,2.223684210526316,0.48649278062412676
Rajouri Garden,Evening Peak,86,3.058139534883721,0.9147972833916445
Rajouri Garden,Morning Peak,107,2.97196261682243,0.8705648829708048
Rajouri Garden,Night,30,1.7,0.21769911504424774
Rohini,Afternoon,82,2.3292682926829267,0.5406863803151305
Rohini,Evening Peak,104,3.201923076923077,0.9885976855003406
Rohini,Morning Peak,90,2.966666666666667,0.8678466076696166
Rohini,Night,35,1.4,0.06371681415929194
Saket,Afternoon,82,2.2560975609756095,0.5031297215627022
Saket,Evening Peak,119,3.1176470588235294,0.9453409682457055
Saket,Morning Peak,98,2.816326530612245,0.7906808741195593
Saket,Night,31,1.6129032258064515,0.17299457607764765
Shahdara,Afternoon,96,2.25,0.5
Shahdara,Evening Peak,111,2.990990990990991,0.8803316590927212
Shahdara,Morning Peak,80,3.1,0.936283185840708
Shahdara,Night,26,1.6538461538461537,0.19400953029271606
Vasant Kunj,Afternoon,90,2.3,0.5256637168141592
Vasant Kunj,Evening Peak,117,3.1538461538461537,0.9639210347174949
Vasant Kunj,Morning Peak,105,2.895238095238095,0.8311841550779604
Vasant Kunj,Night,36,1.3055555555555556,0.015240904621435554
